{
    "prepare_queue": {
        "installed": [],
        "uninstalled": []
    },
    "config_munge": {
        "files": {
            "config.xml": {
                "parents": {
                    "/widget": [
                        {
                            "xml": "<feature name=\"BluetoothSerial\"><param name=\"ios-package\" onload=\"true\" value=\"MEGBluetoothSerial\" /></feature>",
                            "count": 1
                        }
                    ],
                    "/*": [
                        {
                            "xml": "<feature name=\"PushNotification\"><param name=\"ios-package\" value=\"PushPlugin\" /></feature>",
                            "count": 1
                        }
                    ]
                }
            },
            "*-Info.plist": {
                "parents": {
                    "UIBackgroundModes": [
                        {
                            "xml": "<array><string>remote-notification</string></array>",
                            "count": 1
                        }
                    ],
                    "GCM_SENDER_ID": [
                        {
                            "xml": "<string>XXXXXXX</string>",
                            "count": 1
                        }
                    ],
                    "IS_GCM_ENABLED": [
                        {
                            "xml": "<true />",
                            "count": 1
                        }
                    ]
                }
            }
        }
    },
    "installed_plugins": {
        "cordova-plugin-bluetooth-serial": {
            "PACKAGE_NAME": "com.megster.bluetooth.chat"
        },
        "phonegap-plugin-push": {
            "SENDER_ID": "XXXXXXX",
            "PACKAGE_NAME": "com.megster.bluetooth.chat"
        }
    },
    "dependent_plugins": {},
    "modules": [
        {
            "file": "plugins/cordova-plugin-bluetooth-serial/www/bluetoothSerial.js",
            "id": "cordova-plugin-bluetooth-serial.bluetoothSerial",
            "pluginId": "cordova-plugin-bluetooth-serial",
            "clobbers": [
                "window.bluetoothSerial"
            ]
        },
        {
            "file": "plugins/phonegap-plugin-push/www/push.js",
            "id": "phonegap-plugin-push.PushNotification",
            "pluginId": "phonegap-plugin-push",
            "clobbers": [
                "PushNotification"
            ]
        }
    ]
}